{"IcoMoonType":"selection","icons":[{"icon":{"paths":["M1023.919 511.962c0-282.749-229.21-511.962-511.957-511.962-282.749 0-511.962 229.212-511.962 511.962 0 255.535 187.217 467.332 431.966 505.741v-357.751h-129.989v-147.989h129.989v-112.792c0-128.31 76.433-199.185 193.374-199.185 56.013 0 114.603 9.999 114.603 9.999v125.99h-64.555c-63.599 0-83.435 39.464-83.435 79.951v96.037h141.99l-22.699 147.989h-119.292v357.751c244.753-38.409 431.966-250.206 431.966-505.741z"],"attrs":[{"fill":"rgb(65, 114, 184)"}],"isMulticolor":false,"isMulticolor2":false,"tags":["facebook"],"grid":0,"colorPermutations":{"22864951255001291612421651141841":[{"f":0}]}},"attrs":[{"fill":"rgb(65, 114, 184)"}],"properties":{"order":2,"id":1,"prevSize":32,"code":59648,"name":"facebook"},"setIdx":0,"setId":2,"iconIdx":2}],"height":1024,"metadata":{"name":"icomoon"},"preferences":{"showGlyphs":true,"showQuickUse":true,"showQuickUse2":true,"showSVGs":true,"fontPref":{"prefix":"icon-","metadata":{"fontFamily":"icomoon"},"metrics":{"emSize":1024,"baseline":6.25,"whitespace":50},"embed":false},"imagePref":{"prefix":"icon-","png":true,"useClassSelector":true,"color":0,"bgColor":16777215,"classSelector":".icon","name":"icomoon"},"historySize":50,"showCodes":true,"gridSize":16}}